{"cameraMode":{"drawMode":0,"name":"Shaded","section":"Shading Mode"},"sceneLighting":false,"audioPlay":false,"sceneViewState":{"showFog":true,"showMaterialUpdate":false,"showSkybox":true,"showFlares":true,"showImageEffects":true,"showParticleSystems":true},"in2DMode":false,"pivot":{"x":5.448848247528076,"y":2.269273519515991,"z":11.456414222717286},"rotation":{"x":-0.10625774413347244,"y":0.8399826288223267,"z":-0.1779908537864685,"w":-0.5014562606811523},"size":1.4289418458938599,"orthographic":false}