{"cameraMode":{"drawMode":0,"name":"Shaded","section":"Shading Mode"},"sceneLighting":false,"audioPlay":false,"sceneViewState":{"showFog":true,"showMaterialUpdate":false,"showSkybox":true,"showFlares":true,"showImageEffects":true,"showParticleSystems":true},"in2DMode":false,"pivot":{"x":324.6421813964844,"y":203.36483764648438,"z":5.736335277557373},"rotation":{"x":-0.044241711497306827,"y":0.9472994208335877,"z":-0.14986443519592286,"w":-0.2796877324581146},"size":1.0001968145370484,"orthographic":false}